student_id,attendance_date,attendene_type_id,remarks
1,01-08-2025,1,Present
1,02-08-2025,1,Present
1,03-08-2025,1,Present
1,04-08-2025,1,Present
1,05-08-2025,1,Present
1,06-08-2025,1,Present
1,07-08-2025,1,Present
1,08-08-2025,1,Present
1,09-08-2025,2,Absent
1,10-08-2025,1,Present
1,11-08-2025,1,Present
1,12-08-2025,2,Absent
1,13-08-2025,1,Present
1,14-08-2025,1,Present
1,15-08-2025,1,Present
1,16-08-2025,1,Present
1,17-08-2025,2,Absent
1,18-08-2025,1,Present
1,19-08-2025,2,Absent
1,20-08-2025,1,Present
1,21-08-2025,1,Present
1,22-08-2025,2,Absent
1,23-08-2025,3,Late
1,24-08-2025,1,Present
1,25-08-2025,1,Present
1,26-08-2025,1,Present
1,27-08-2025,1,Present
1,28-08-2025,1,Present
1,29-08-2025,1,Present
1,30-08-2025,1,Present
2,01-08-2025,3,Late
2,02-08-2025,2,Absent
2,03-08-2025,1,Present
2,04-08-2025,1,Present
2,05-08-2025,1,Present
2,06-08-2025,1,Present
2,07-08-2025,1,Present
2,08-08-2025,1,Present
2,09-08-2025,1,Present
2,10-08-2025,2,Absent
2,11-08-2025,3,Late
2,12-08-2025,1,Present
2,13-08-2025,1,Present
2,14-08-2025,1,Present
2,15-08-2025,1,Present
2,16-08-2025,1,Present
2,17-08-2025,1,Present
2,18-08-2025,1,Present
2,19-08-2025,1,Present
2,20-08-2025,2,Absent
2,21-08-2025,1,Present
2,22-08-2025,1,Present
2,23-08-2025,1,Present
2,24-08-2025,1,Present
2,25-08-2025,1,Present
2,26-08-2025,1,Present
2,27-08-2025,1,Present
2,28-08-2025,1,Present
2,29-08-2025,1,Present
2,30-08-2025,3,Late
3,01-08-2025,2,Absent
3,02-08-2025,1,Present
3,03-08-2025,1,Present
3,04-08-2025,1,Present
3,05-08-2025,1,Present
3,06-08-2025,1,Present
3,07-08-2025,1,Present
3,08-08-2025,1,Present
3,09-08-2025,1,Present
3,10-08-2025,3,Late
3,11-08-2025,1,Present
3,12-08-2025,1,Present
3,13-08-2025,1,Present
3,14-08-2025,1,Present
3,15-08-2025,1,Present
3,16-08-2025,2,Absent
3,17-08-2025,1,Present
3,18-08-2025,2,Absent
3,19-08-2025,1,Present
3,20-08-2025,1,Present
3,21-08-2025,1,Present
3,22-08-2025,1,Present
3,23-08-2025,1,Present
3,24-08-2025,1,Present
3,25-08-2025,1,Present
3,26-08-2025,1,Present
3,27-08-2025,1,Present
3,28-08-2025,2,Absent
3,29-08-2025,1,Present
3,30-08-2025,1,Present
4,01-08-2025,1,Present
4,02-08-2025,1,Present
4,03-08-2025,1,Present
4,04-08-2025,1,Present
4,05-08-2025,2,Absent
4,06-08-2025,1,Present
4,07-08-2025,1,Present
4,08-08-2025,1,Present
4,09-08-2025,1,Present
4,10-08-2025,1,Present
4,11-08-2025,2,Absent
4,12-08-2025,1,Present
4,13-08-2025,1,Present
4,14-08-2025,1,Present
4,15-08-2025,1,Present
4,16-08-2025,1,Present
4,17-08-2025,1,Present
4,18-08-2025,1,Present
4,19-08-2025,1,Present
4,20-08-2025,1,Present
4,21-08-2025,1,Present
4,22-08-2025,1,Present
4,23-08-2025,3,Late
4,24-08-2025,1,Present
4,25-08-2025,2,Absent
4,26-08-2025,1,Present
4,27-08-2025,2,Absent
4,28-08-2025,2,Absent
4,29-08-2025,1,Present
4,30-08-2025,1,Present
5,01-08-2025,1,Present
5,02-08-2025,1,Present
5,03-08-2025,1,Present
5,04-08-2025,1,Present
5,05-08-2025,1,Present
5,06-08-2025,1,Present
5,07-08-2025,1,Present
5,08-08-2025,1,Present
5,09-08-2025,1,Present
5,10-08-2025,1,Present
5,11-08-2025,1,Present
5,12-08-2025,1,Present
5,13-08-2025,2,Absent
5,14-08-2025,1,Present
5,15-08-2025,3,Late
5,16-08-2025,1,Present
5,17-08-2025,1,Present
5,18-08-2025,1,Present
5,19-08-2025,1,Present
5,20-08-2025,1,Present
5,21-08-2025,1,Present
5,22-08-2025,1,Present
5,23-08-2025,1,Present
5,24-08-2025,1,Present
5,25-08-2025,1,Present
5,26-08-2025,1,Present
5,27-08-2025,1,Present
5,28-08-2025,2,Absent
5,29-08-2025,1,Present
5,30-08-2025,1,Present
6,01-08-2025,1,Present
6,02-08-2025,2,Absent
6,03-08-2025,1,Present
6,04-08-2025,1,Present
6,05-08-2025,1,Present
6,06-08-2025,1,Present
6,07-08-2025,1,Present
6,08-08-2025,1,Present
6,09-08-2025,1,Present
6,10-08-2025,1,Present
6,11-08-2025,1,Present
6,12-08-2025,1,Present
6,13-08-2025,1,Present
6,14-08-2025,2,Absent
6,15-08-2025,1,Present
6,16-08-2025,2,Absent
6,17-08-2025,1,Present
6,18-08-2025,1,Present
6,19-08-2025,1,Present
6,20-08-2025,1,Present
6,21-08-2025,1,Present
6,22-08-2025,2,Absent
6,23-08-2025,1,Present
6,24-08-2025,1,Present
6,25-08-2025,1,Present
6,26-08-2025,1,Present
6,27-08-2025,1,Present
6,28-08-2025,2,Absent
6,29-08-2025,3,Late
6,30-08-2025,1,Present
7,01-08-2025,1,Present
7,02-08-2025,1,Present
7,03-08-2025,1,Present
7,04-08-2025,1,Present
7,05-08-2025,1,Present
7,06-08-2025,1,Present
7,07-08-2025,1,Present
7,08-08-2025,1,Present
7,09-08-2025,2,Absent
7,10-08-2025,1,Present
7,11-08-2025,1,Present
7,12-08-2025,1,Present
7,13-08-2025,1,Present
7,14-08-2025,1,Present
7,15-08-2025,1,Present
7,16-08-2025,1,Present
7,17-08-2025,2,Absent
7,18-08-2025,3,Late
7,19-08-2025,1,Present
7,20-08-2025,1,Present
7,21-08-2025,1,Present
7,22-08-2025,1,Present
7,23-08-2025,1,Present
7,24-08-2025,1,Present
7,25-08-2025,1,Present
7,26-08-2025,1,Present
7,27-08-2025,1,Present
7,28-08-2025,1,Present
7,29-08-2025,2,Absent
7,30-08-2025,1,Present
8,01-08-2025,3,Late
8,02-08-2025,2,Absent
8,03-08-2025,3,Late
8,04-08-2025,2,Absent
8,05-08-2025,1,Present
8,06-08-2025,1,Present
8,07-08-2025,1,Present
8,08-08-2025,1,Present
8,09-08-2025,2,Absent
8,10-08-2025,1,Present
8,11-08-2025,1,Present
8,12-08-2025,1,Present
8,13-08-2025,1,Present
8,14-08-2025,1,Present
8,15-08-2025,1,Present
8,16-08-2025,2,Absent
8,17-08-2025,1,Present
8,18-08-2025,1,Present
8,19-08-2025,1,Present
8,20-08-2025,1,Present
8,21-08-2025,1,Present
8,22-08-2025,1,Present
8,23-08-2025,1,Present
8,24-08-2025,1,Present
8,25-08-2025,1,Present
8,26-08-2025,1,Present
8,27-08-2025,1,Present
8,28-08-2025,1,Present
8,29-08-2025,1,Present
8,30-08-2025,1,Present
9,01-08-2025,1,Present
9,02-08-2025,1,Present
9,03-08-2025,1,Present
9,04-08-2025,1,Present
9,05-08-2025,2,Absent
9,06-08-2025,1,Present
9,07-08-2025,1,Present
9,08-08-2025,3,Late
9,09-08-2025,1,Present
9,10-08-2025,1,Present
9,11-08-2025,1,Present
9,12-08-2025,1,Present
9,13-08-2025,1,Present
9,14-08-2025,1,Present
9,15-08-2025,1,Present
9,16-08-2025,1,Present
9,17-08-2025,1,Present
9,18-08-2025,2,Absent
9,19-08-2025,1,Present
9,20-08-2025,1,Present
9,21-08-2025,1,Present
9,22-08-2025,1,Present
9,23-08-2025,1,Present
9,24-08-2025,3,Late
9,25-08-2025,1,Present
9,26-08-2025,1,Present
9,27-08-2025,1,Present
9,28-08-2025,2,Absent
9,29-08-2025,2,Absent
9,30-08-2025,1,Present
10,01-08-2025,1,Present
10,02-08-2025,1,Present
10,03-08-2025,1,Present
10,04-08-2025,1,Present
10,05-08-2025,1,Present
10,06-08-2025,1,Present
10,07-08-2025,1,Present
10,08-08-2025,1,Present
10,09-08-2025,1,Present
10,10-08-2025,2,Absent
10,11-08-2025,1,Present
10,12-08-2025,1,Present
10,13-08-2025,1,Present
10,14-08-2025,1,Present
10,15-08-2025,1,Present
10,16-08-2025,1,Present
10,17-08-2025,1,Present
10,18-08-2025,1,Present
10,19-08-2025,1,Present
10,20-08-2025,1,Present
10,21-08-2025,1,Present
10,22-08-2025,2,Absent
10,23-08-2025,1,Present
10,24-08-2025,1,Present
10,25-08-2025,3,Late
10,26-08-2025,1,Present
10,27-08-2025,2,Absent
10,28-08-2025,2,Absent
10,29-08-2025,3,Late
10,30-08-2025,1,Present
11,01-08-2025,1,Present
11,02-08-2025,3,Late
11,03-08-2025,1,Present
11,04-08-2025,1,Present
11,05-08-2025,1,Present
11,06-08-2025,1,Present
11,07-08-2025,1,Present
11,08-08-2025,1,Present
11,09-08-2025,1,Present
11,10-08-2025,1,Present
11,11-08-2025,1,Present
11,12-08-2025,1,Present
11,13-08-2025,2,Absent
11,14-08-2025,2,Absent
11,15-08-2025,1,Present
11,16-08-2025,1,Present
11,17-08-2025,1,Present
11,18-08-2025,1,Present
11,19-08-2025,1,Present
11,20-08-2025,3,Late
11,21-08-2025,1,Present
11,22-08-2025,1,Present
11,23-08-2025,1,Present
11,24-08-2025,1,Present
11,25-08-2025,2,Absent
11,26-08-2025,1,Present
11,27-08-2025,1,Present
11,28-08-2025,1,Present
11,29-08-2025,1,Present
11,30-08-2025,1,Present
12,01-08-2025,1,Present
12,02-08-2025,3,Late
12,03-08-2025,1,Present
12,04-08-2025,1,Present
12,05-08-2025,1,Present
12,06-08-2025,1,Present
12,07-08-2025,2,Absent
12,08-08-2025,1,Present
12,09-08-2025,1,Present
12,10-08-2025,1,Present
12,11-08-2025,1,Present
12,12-08-2025,1,Present
12,13-08-2025,1,Present
12,14-08-2025,1,Present
12,15-08-2025,3,Late
12,16-08-2025,1,Present
12,17-08-2025,1,Present
12,18-08-2025,1,Present
12,19-08-2025,2,Absent
12,20-08-2025,1,Present
12,21-08-2025,2,Absent
12,22-08-2025,1,Present
12,23-08-2025,1,Present
12,24-08-2025,2,Absent
12,25-08-2025,1,Present
12,26-08-2025,1,Present
12,27-08-2025,1,Present
12,28-08-2025,1,Present
12,29-08-2025,1,Present
12,30-08-2025,1,Present
13,01-08-2025,1,Present
13,02-08-2025,1,Present
13,03-08-2025,1,Present
13,04-08-2025,1,Present
13,05-08-2025,1,Present
13,06-08-2025,1,Present
13,07-08-2025,1,Present
13,08-08-2025,1,Present
13,09-08-2025,1,Present
13,10-08-2025,3,Late
13,11-08-2025,1,Present
13,12-08-2025,1,Present
13,13-08-2025,1,Present
13,14-08-2025,3,Late
13,15-08-2025,3,Late
13,16-08-2025,1,Present
13,17-08-2025,1,Present
13,18-08-2025,2,Absent
13,19-08-2025,1,Present
13,20-08-2025,1,Present
13,21-08-2025,3,Late
13,22-08-2025,1,Present
13,23-08-2025,1,Present
13,24-08-2025,1,Present
13,25-08-2025,1,Present
13,26-08-2025,1,Present
13,27-08-2025,1,Present
13,28-08-2025,1,Present
13,29-08-2025,1,Present
13,30-08-2025,1,Present
14,01-08-2025,1,Present
14,02-08-2025,1,Present
14,03-08-2025,1,Present
14,04-08-2025,1,Present
14,05-08-2025,1,Present
14,06-08-2025,1,Present
14,07-08-2025,1,Present
14,08-08-2025,1,Present
14,09-08-2025,1,Present
14,10-08-2025,2,Absent
14,11-08-2025,1,Present
14,12-08-2025,1,Present
14,13-08-2025,1,Present
14,14-08-2025,2,Absent
14,15-08-2025,2,Absent
14,16-08-2025,1,Present
14,17-08-2025,1,Present
14,18-08-2025,1,Present
14,19-08-2025,1,Present
14,20-08-2025,1,Present
14,21-08-2025,1,Present
14,22-08-2025,1,Present
14,23-08-2025,1,Present
14,24-08-2025,3,Late
14,25-08-2025,1,Present
14,26-08-2025,2,Absent
14,27-08-2025,1,Present
14,28-08-2025,1,Present
14,29-08-2025,1,Present
14,30-08-2025,1,Present
15,01-08-2025,1,Present
15,02-08-2025,1,Present
15,03-08-2025,1,Present
15,04-08-2025,1,Present
15,05-08-2025,1,Present
15,06-08-2025,1,Present
15,07-08-2025,1,Present
15,08-08-2025,1,Present
15,09-08-2025,1,Present
15,10-08-2025,2,Absent
15,11-08-2025,1,Present
15,12-08-2025,1,Present
15,13-08-2025,1,Present
15,14-08-2025,1,Present
15,15-08-2025,1,Present
15,16-08-2025,2,Absent
15,17-08-2025,3,Late
15,18-08-2025,1,Present
15,19-08-2025,1,Present
15,20-08-2025,1,Present
15,21-08-2025,1,Present
15,22-08-2025,1,Present
15,23-08-2025,1,Present
15,24-08-2025,1,Present
15,25-08-2025,1,Present
15,26-08-2025,1,Present
15,27-08-2025,1,Present
15,28-08-2025,1,Present
15,29-08-2025,1,Present
15,30-08-2025,1,Present
16,01-08-2025,2,Absent
16,02-08-2025,1,Present
16,03-08-2025,2,Absent
16,04-08-2025,1,Present
16,05-08-2025,2,Absent
16,06-08-2025,2,Absent
16,07-08-2025,1,Present
16,08-08-2025,1,Present
16,09-08-2025,1,Present
16,10-08-2025,1,Present
16,11-08-2025,1,Present
16,12-08-2025,2,Absent
16,13-08-2025,1,Present
16,14-08-2025,3,Late
16,15-08-2025,1,Present
16,16-08-2025,1,Present
16,17-08-2025,1,Present
16,18-08-2025,1,Present
16,19-08-2025,1,Present
16,20-08-2025,1,Present
16,21-08-2025,1,Present
16,22-08-2025,1,Present
16,23-08-2025,1,Present
16,24-08-2025,1,Present
16,25-08-2025,1,Present
16,26-08-2025,1,Present
16,27-08-2025,1,Present
16,28-08-2025,1,Present
16,29-08-2025,1,Present
16,30-08-2025,1,Present
17,01-08-2025,1,Present
17,02-08-2025,1,Present
17,03-08-2025,1,Present
17,04-08-2025,1,Present
17,05-08-2025,1,Present
17,06-08-2025,1,Present
17,07-08-2025,1,Present
17,08-08-2025,1,Present
17,09-08-2025,1,Present
17,10-08-2025,1,Present
17,11-08-2025,1,Present
17,12-08-2025,1,Present
17,13-08-2025,1,Present
17,14-08-2025,1,Present
17,15-08-2025,1,Present
17,16-08-2025,1,Present
17,17-08-2025,2,Absent
17,18-08-2025,1,Present
17,19-08-2025,1,Present
17,20-08-2025,1,Present
17,21-08-2025,1,Present
17,22-08-2025,1,Present
17,23-08-2025,1,Present
17,24-08-2025,1,Present
17,25-08-2025,2,Absent
17,26-08-2025,1,Present
17,27-08-2025,1,Present
17,28-08-2025,1,Present
17,29-08-2025,2,Absent
17,30-08-2025,2,Absent
18,01-08-2025,1,Present
18,02-08-2025,1,Present
18,03-08-2025,1,Present
18,04-08-2025,1,Present
18,05-08-2025,1,Present
18,06-08-2025,1,Present
18,07-08-2025,1,Present
18,08-08-2025,1,Present
18,09-08-2025,2,Absent
18,10-08-2025,1,Present
18,11-08-2025,1,Present
18,12-08-2025,1,Present
18,13-08-2025,1,Present
18,14-08-2025,1,Present
18,15-08-2025,3,Late
18,16-08-2025,1,Present
18,17-08-2025,1,Present
18,18-08-2025,1,Present
18,19-08-2025,1,Present
18,20-08-2025,2,Absent
18,21-08-2025,1,Present
18,22-08-2025,1,Present
18,23-08-2025,1,Present
18,24-08-2025,1,Present
18,25-08-2025,1,Present
18,26-08-2025,1,Present
18,27-08-2025,1,Present
18,28-08-2025,1,Present
18,29-08-2025,1,Present
18,30-08-2025,2,Absent
19,01-08-2025,1,Present
19,02-08-2025,1,Present
19,03-08-2025,1,Present
19,04-08-2025,1,Present
19,05-08-2025,2,Absent
19,06-08-2025,1,Present
19,07-08-2025,1,Present
19,08-08-2025,1,Present
19,09-08-2025,2,Absent
19,10-08-2025,1,Present
19,11-08-2025,1,Present
19,12-08-2025,1,Present
19,13-08-2025,1,Present
19,14-08-2025,2,Absent
19,15-08-2025,1,Present
19,16-08-2025,1,Present
19,17-08-2025,1,Present
19,18-08-2025,2,Absent
19,19-08-2025,1,Present
19,20-08-2025,1,Present
19,21-08-2025,1,Present
19,22-08-2025,1,Present
19,23-08-2025,1,Present
19,24-08-2025,1,Present
19,25-08-2025,2,Absent
19,26-08-2025,1,Present
19,27-08-2025,2,Absent
19,28-08-2025,1,Present
19,29-08-2025,1,Present
19,30-08-2025,1,Present
20,01-08-2025,1,Present
20,02-08-2025,1,Present
20,03-08-2025,1,Present
20,04-08-2025,1,Present
20,05-08-2025,1,Present
20,06-08-2025,1,Present
20,07-08-2025,1,Present
20,08-08-2025,1,Present
20,09-08-2025,1,Present
20,10-08-2025,1,Present
20,11-08-2025,1,Present
20,12-08-2025,1,Present
20,13-08-2025,1,Present
20,14-08-2025,1,Present
20,15-08-2025,1,Present
20,16-08-2025,1,Present
20,17-08-2025,1,Present
20,18-08-2025,1,Present
20,19-08-2025,1,Present
20,20-08-2025,2,Absent
20,21-08-2025,1,Present
20,22-08-2025,1,Present
20,23-08-2025,1,Present
20,24-08-2025,1,Present
20,25-08-2025,1,Present
20,26-08-2025,1,Present
20,27-08-2025,1,Present
20,28-08-2025,1,Present
20,29-08-2025,2,Absent
20,30-08-2025,1,Present
21,01-08-2025,1,Present
21,02-08-2025,1,Present
21,03-08-2025,2,Absent
21,04-08-2025,2,Absent
21,05-08-2025,1,Present
21,06-08-2025,1,Present
21,07-08-2025,2,Absent
21,08-08-2025,1,Present
21,09-08-2025,1,Present
21,10-08-2025,1,Present
21,11-08-2025,1,Present
21,12-08-2025,1,Present
21,13-08-2025,2,Absent
21,14-08-2025,1,Present
21,15-08-2025,1,Present
21,16-08-2025,2,Absent
21,17-08-2025,2,Absent
21,18-08-2025,1,Present
21,19-08-2025,1,Present
21,20-08-2025,1,Present
21,21-08-2025,1,Present
21,22-08-2025,1,Present
21,23-08-2025,1,Present
21,24-08-2025,1,Present
21,25-08-2025,1,Present
21,26-08-2025,1,Present
21,27-08-2025,1,Present
21,28-08-2025,1,Present
21,29-08-2025,1,Present
21,30-08-2025,1,Present
22,01-08-2025,1,Present
22,02-08-2025,1,Present
22,03-08-2025,1,Present
22,04-08-2025,1,Present
22,05-08-2025,1,Present
22,06-08-2025,1,Present
22,07-08-2025,1,Present
22,08-08-2025,1,Present
22,09-08-2025,1,Present
22,10-08-2025,1,Present
22,11-08-2025,2,Absent
22,12-08-2025,1,Present
22,13-08-2025,1,Present
22,14-08-2025,1,Present
22,15-08-2025,1,Present
22,16-08-2025,1,Present
22,17-08-2025,1,Present
22,18-08-2025,1,Present
22,19-08-2025,1,Present
22,20-08-2025,3,Late
22,21-08-2025,1,Present
22,22-08-2025,2,Absent
22,23-08-2025,3,Late
22,24-08-2025,1,Present
22,25-08-2025,1,Present
22,26-08-2025,1,Present
22,27-08-2025,1,Present
22,28-08-2025,1,Present
22,29-08-2025,1,Present
22,30-08-2025,1,Present
23,01-08-2025,1,Present
23,02-08-2025,1,Present
23,03-08-2025,1,Present
23,04-08-2025,1,Present
23,05-08-2025,2,Absent
23,06-08-2025,2,Absent
23,07-08-2025,1,Present
23,08-08-2025,1,Present
23,09-08-2025,1,Present
23,10-08-2025,1,Present
23,11-08-2025,1,Present
23,12-08-2025,1,Present
23,13-08-2025,1,Present
23,14-08-2025,1,Present
23,15-08-2025,1,Present
23,16-08-2025,1,Present
23,17-08-2025,1,Present
23,18-08-2025,1,Present
23,19-08-2025,1,Present
23,20-08-2025,1,Present
23,21-08-2025,3,Late
23,22-08-2025,2,Absent
23,23-08-2025,1,Present
23,24-08-2025,2,Absent
23,25-08-2025,1,Present
23,26-08-2025,1,Present
23,27-08-2025,1,Present
23,28-08-2025,1,Present
23,29-08-2025,1,Present
23,30-08-2025,1,Present
24,01-08-2025,1,Present
24,02-08-2025,1,Present
24,03-08-2025,1,Present
24,04-08-2025,3,Late
24,05-08-2025,2,Absent
24,06-08-2025,2,Absent
24,07-08-2025,1,Present
24,08-08-2025,2,Absent
24,09-08-2025,1,Present
24,10-08-2025,1,Present
24,11-08-2025,2,Absent
24,12-08-2025,1,Present
24,13-08-2025,1,Present
24,14-08-2025,3,Late
24,15-08-2025,1,Present
24,16-08-2025,1,Present
24,17-08-2025,1,Present
24,18-08-2025,1,Present
24,19-08-2025,1,Present
24,20-08-2025,1,Present
24,21-08-2025,1,Present
24,22-08-2025,1,Present
24,23-08-2025,1,Present
24,24-08-2025,1,Present
24,25-08-2025,1,Present
24,26-08-2025,1,Present
24,27-08-2025,1,Present
24,28-08-2025,1,Present
24,29-08-2025,1,Present
24,30-08-2025,1,Present
25,01-08-2025,1,Present
25,02-08-2025,1,Present
25,03-08-2025,1,Present
25,04-08-2025,1,Present
25,05-08-2025,2,Absent
25,06-08-2025,1,Present
25,07-08-2025,2,Absent
25,08-08-2025,1,Present
25,09-08-2025,1,Present
25,10-08-2025,1,Present
25,11-08-2025,1,Present
25,12-08-2025,1,Present
25,13-08-2025,1,Present
25,14-08-2025,1,Present
25,15-08-2025,1,Present
25,16-08-2025,1,Present
25,17-08-2025,2,Absent
25,18-08-2025,2,Absent
25,19-08-2025,1,Present
25,20-08-2025,2,Absent
25,21-08-2025,1,Present
25,22-08-2025,1,Present
25,23-08-2025,1,Present
25,24-08-2025,1,Present
25,25-08-2025,1,Present
25,26-08-2025,2,Absent
25,27-08-2025,1,Present
25,28-08-2025,1,Present
25,29-08-2025,1,Present
25,30-08-2025,1,Present
26,01-08-2025,1,Present
26,02-08-2025,1,Present
26,03-08-2025,1,Present
26,04-08-2025,1,Present
26,05-08-2025,3,Late
26,06-08-2025,1,Present
26,07-08-2025,1,Present
26,08-08-2025,3,Late
26,09-08-2025,1,Present
26,10-08-2025,1,Present
26,11-08-2025,1,Present
26,12-08-2025,1,Present
26,13-08-2025,1,Present
26,14-08-2025,1,Present
26,15-08-2025,2,Absent
26,16-08-2025,1,Present
26,17-08-2025,1,Present
26,18-08-2025,1,Present
26,19-08-2025,1,Present
26,20-08-2025,1,Present
26,21-08-2025,1,Present
26,22-08-2025,2,Absent
26,23-08-2025,1,Present
26,24-08-2025,2,Absent
26,25-08-2025,1,Present
26,26-08-2025,1,Present
26,27-08-2025,1,Present
26,28-08-2025,2,Absent
26,29-08-2025,1,Present
26,30-08-2025,1,Present
27,01-08-2025,1,Present
27,02-08-2025,1,Present
27,03-08-2025,1,Present
27,04-08-2025,1,Present
27,05-08-2025,1,Present
27,06-08-2025,2,Absent
27,07-08-2025,1,Present
27,08-08-2025,1,Present
27,09-08-2025,1,Present
27,10-08-2025,1,Present
27,11-08-2025,1,Present
27,12-08-2025,1,Present
27,13-08-2025,1,Present
27,14-08-2025,1,Present
27,15-08-2025,1,Present
27,16-08-2025,1,Present
27,17-08-2025,1,Present
27,18-08-2025,1,Present
27,19-08-2025,1,Present
27,20-08-2025,1,Present
27,21-08-2025,1,Present
27,22-08-2025,1,Present
27,23-08-2025,1,Present
27,24-08-2025,1,Present
27,25-08-2025,1,Present
27,26-08-2025,2,Absent
27,27-08-2025,2,Absent
27,28-08-2025,1,Present
27,29-08-2025,1,Present
27,30-08-2025,1,Present
28,01-08-2025,1,Present
28,02-08-2025,3,Late
28,03-08-2025,1,Present
28,04-08-2025,1,Present
28,05-08-2025,1,Present
28,06-08-2025,2,Absent
28,07-08-2025,1,Present
28,08-08-2025,1,Present
28,09-08-2025,1,Present
28,10-08-2025,1,Present
28,11-08-2025,1,Present
28,12-08-2025,1,Present
28,13-08-2025,2,Absent
28,14-08-2025,1,Present
28,15-08-2025,1,Present
28,16-08-2025,1,Present
28,17-08-2025,1,Present
28,18-08-2025,1,Present
28,19-08-2025,1,Present
28,20-08-2025,1,Present
28,21-08-2025,2,Absent
28,22-08-2025,1,Present
28,23-08-2025,2,Absent
28,24-08-2025,3,Late
28,25-08-2025,1,Present
28,26-08-2025,1,Present
28,27-08-2025,1,Present
28,28-08-2025,1,Present
28,29-08-2025,1,Present
28,30-08-2025,1,Present
29,01-08-2025,1,Present
29,02-08-2025,2,Absent
29,03-08-2025,1,Present
29,04-08-2025,1,Present
29,05-08-2025,1,Present
29,06-08-2025,1,Present
29,07-08-2025,1,Present
29,08-08-2025,1,Present
29,09-08-2025,1,Present
29,10-08-2025,1,Present
29,11-08-2025,1,Present
29,12-08-2025,1,Present
29,13-08-2025,2,Absent
29,14-08-2025,1,Present
29,15-08-2025,3,Late
29,16-08-2025,1,Present
29,17-08-2025,1,Present
29,18-08-2025,3,Late
29,19-08-2025,1,Present
29,20-08-2025,3,Late
29,21-08-2025,1,Present
29,22-08-2025,1,Present
29,23-08-2025,2,Absent
29,24-08-2025,1,Present
29,25-08-2025,1,Present
29,26-08-2025,1,Present
29,27-08-2025,1,Present
29,28-08-2025,1,Present
29,29-08-2025,1,Present
29,30-08-2025,1,Present
30,01-08-2025,1,Present
30,02-08-2025,1,Present
30,03-08-2025,1,Present
30,04-08-2025,1,Present
30,05-08-2025,3,Late
30,06-08-2025,1,Present
30,07-08-2025,1,Present
30,08-08-2025,1,Present
30,09-08-2025,1,Present
30,10-08-2025,2,Absent
30,11-08-2025,1,Present
30,12-08-2025,1,Present
30,13-08-2025,1,Present
30,14-08-2025,1,Present
30,15-08-2025,1,Present
30,16-08-2025,3,Late
30,17-08-2025,1,Present
30,18-08-2025,1,Present
30,19-08-2025,1,Present
30,20-08-2025,3,Late
30,21-08-2025,2,Absent
30,22-08-2025,1,Present
30,23-08-2025,1,Present
30,24-08-2025,1,Present
30,25-08-2025,3,Late
30,26-08-2025,1,Present
30,27-08-2025,1,Present
30,28-08-2025,1,Present
30,29-08-2025,1,Present
30,30-08-2025,1,Present
31,01-08-2025,1,Present
31,02-08-2025,1,Present
31,03-08-2025,2,Absent
31,04-08-2025,1,Present
31,05-08-2025,2,Absent
31,06-08-2025,1,Present
31,07-08-2025,1,Present
31,08-08-2025,1,Present
31,09-08-2025,3,Late
31,10-08-2025,1,Present
31,11-08-2025,1,Present
31,12-08-2025,1,Present
31,13-08-2025,1,Present
31,14-08-2025,1,Present
31,15-08-2025,1,Present
31,16-08-2025,3,Late
31,17-08-2025,2,Absent
31,18-08-2025,1,Present
31,19-08-2025,2,Absent
31,20-08-2025,1,Present
31,21-08-2025,1,Present
31,22-08-2025,1,Present
31,23-08-2025,1,Present
31,24-08-2025,1,Present
31,25-08-2025,1,Present
31,26-08-2025,1,Present
31,27-08-2025,1,Present
31,28-08-2025,1,Present
31,29-08-2025,1,Present
31,30-08-2025,1,Present
32,01-08-2025,1,Present
32,02-08-2025,1,Present
32,03-08-2025,1,Present
32,04-08-2025,2,Absent
32,05-08-2025,1,Present
32,06-08-2025,1,Present
32,07-08-2025,1,Present
32,08-08-2025,1,Present
32,09-08-2025,1,Present
32,10-08-2025,3,Late
32,11-08-2025,2,Absent
32,12-08-2025,2,Absent
32,13-08-2025,2,Absent
32,14-08-2025,1,Present
32,15-08-2025,1,Present
32,16-08-2025,1,Present
32,17-08-2025,1,Present
32,18-08-2025,1,Present
32,19-08-2025,1,Present
32,20-08-2025,1,Present
32,21-08-2025,2,Absent
32,22-08-2025,1,Present
32,23-08-2025,1,Present
32,24-08-2025,1,Present
32,25-08-2025,1,Present
32,26-08-2025,1,Present
32,27-08-2025,1,Present
32,28-08-2025,1,Present
32,29-08-2025,1,Present
32,30-08-2025,1,Present
33,01-08-2025,2,Absent
33,02-08-2025,1,Present
33,03-08-2025,1,Present
33,04-08-2025,1,Present
33,05-08-2025,1,Present
33,06-08-2025,1,Present
33,07-08-2025,2,Absent
33,08-08-2025,2,Absent
33,09-08-2025,1,Present
33,10-08-2025,1,Present
33,11-08-2025,1,Present
33,12-08-2025,1,Present
33,13-08-2025,1,Present
33,14-08-2025,2,Absent
33,15-08-2025,2,Absent
33,16-08-2025,2,Absent
33,17-08-2025,1,Present
33,18-08-2025,1,Present
33,19-08-2025,1,Present
33,20-08-2025,1,Present
33,21-08-2025,1,Present
33,22-08-2025,1,Present
33,23-08-2025,1,Present
33,24-08-2025,1,Present
33,25-08-2025,1,Present
33,26-08-2025,1,Present
33,27-08-2025,1,Present
33,28-08-2025,1,Present
33,29-08-2025,1,Present
33,30-08-2025,1,Present
34,01-08-2025,1,Present
34,02-08-2025,2,Absent
34,03-08-2025,1,Present
34,04-08-2025,1,Present
34,05-08-2025,1,Present
34,06-08-2025,1,Present
34,07-08-2025,1,Present
34,08-08-2025,1,Present
34,09-08-2025,1,Present
34,10-08-2025,1,Present
34,11-08-2025,1,Present
34,12-08-2025,1,Present
34,13-08-2025,1,Present
34,14-08-2025,1,Present
34,15-08-2025,1,Present
34,16-08-2025,1,Present
34,17-08-2025,2,Absent
34,18-08-2025,1,Present
34,19-08-2025,1,Present
34,20-08-2025,1,Present
34,21-08-2025,1,Present
34,22-08-2025,1,Present
34,23-08-2025,2,Absent
34,24-08-2025,1,Present
34,25-08-2025,2,Absent
34,26-08-2025,1,Present
34,27-08-2025,1,Present
34,28-08-2025,2,Absent
34,29-08-2025,1,Present
34,30-08-2025,1,Present
35,01-08-2025,1,Present
35,02-08-2025,1,Present
35,03-08-2025,1,Present
35,04-08-2025,1,Present
35,05-08-2025,2,Absent
35,06-08-2025,1,Present
35,07-08-2025,1,Present
35,08-08-2025,1,Present
35,09-08-2025,1,Present
35,10-08-2025,1,Present
35,11-08-2025,1,Present
35,12-08-2025,2,Absent
35,13-08-2025,1,Present
35,14-08-2025,1,Present
35,15-08-2025,2,Absent
35,16-08-2025,1,Present
35,17-08-2025,1,Present
35,18-08-2025,1,Present
35,19-08-2025,1,Present
35,20-08-2025,2,Absent
35,21-08-2025,2,Absent
35,22-08-2025,1,Present
35,23-08-2025,1,Present
35,24-08-2025,2,Absent
35,25-08-2025,1,Present
35,26-08-2025,1,Present
35,27-08-2025,1,Present
35,28-08-2025,1,Present
35,29-08-2025,1,Present
35,30-08-2025,1,Present
36,01-08-2025,1,Present
36,02-08-2025,1,Present
36,03-08-2025,1,Present
36,04-08-2025,1,Present
36,05-08-2025,3,Late
36,06-08-2025,2,Absent
36,07-08-2025,1,Present
36,08-08-2025,1,Present
36,09-08-2025,2,Absent
36,10-08-2025,1,Present
36,11-08-2025,3,Late
36,12-08-2025,1,Present
36,13-08-2025,1,Present
36,14-08-2025,1,Present
36,15-08-2025,1,Present
36,16-08-2025,1,Present
36,17-08-2025,1,Present
36,18-08-2025,1,Present
36,19-08-2025,1,Present
36,20-08-2025,1,Present
36,21-08-2025,2,Absent
36,22-08-2025,1,Present
36,23-08-2025,1,Present
36,24-08-2025,2,Absent
36,25-08-2025,1,Present
36,26-08-2025,1,Present
36,27-08-2025,1,Present
36,28-08-2025,1,Present
36,29-08-2025,1,Present
36,30-08-2025,1,Present
37,01-08-2025,1,Present
37,02-08-2025,1,Present
37,03-08-2025,1,Present
37,04-08-2025,2,Absent
37,05-08-2025,1,Present
37,06-08-2025,1,Present
37,07-08-2025,1,Present
37,08-08-2025,1,Present
37,09-08-2025,2,Absent
37,10-08-2025,1,Present
37,11-08-2025,1,Present
37,12-08-2025,1,Present
37,13-08-2025,1,Present
37,14-08-2025,2,Absent
37,15-08-2025,1,Present
37,16-08-2025,2,Absent
37,17-08-2025,1,Present
37,18-08-2025,1,Present
37,19-08-2025,1,Present
37,20-08-2025,1,Present
37,21-08-2025,1,Present
37,22-08-2025,2,Absent
37,23-08-2025,2,Absent
37,24-08-2025,1,Present
37,25-08-2025,1,Present
37,26-08-2025,1,Present
37,27-08-2025,1,Present
37,28-08-2025,1,Present
37,29-08-2025,1,Present
37,30-08-2025,1,Present
38,01-08-2025,2,Absent
38,02-08-2025,1,Present
38,03-08-2025,1,Present
38,04-08-2025,1,Present
38,05-08-2025,1,Present
38,06-08-2025,1,Present
38,07-08-2025,1,Present
38,08-08-2025,1,Present
38,09-08-2025,1,Present
38,10-08-2025,1,Present
38,11-08-2025,2,Absent
38,12-08-2025,1,Present
38,13-08-2025,1,Present
38,14-08-2025,2,Absent
38,15-08-2025,1,Present
38,16-08-2025,1,Present
38,17-08-2025,1,Present
38,18-08-2025,1,Present
38,19-08-2025,1,Present
38,20-08-2025,1,Present
38,21-08-2025,1,Present
38,22-08-2025,1,Present
38,23-08-2025,2,Absent
38,24-08-2025,1,Present
38,25-08-2025,1,Present
38,26-08-2025,1,Present
38,27-08-2025,1,Present
38,28-08-2025,1,Present
38,29-08-2025,1,Present
38,30-08-2025,1,Present
39,01-08-2025,1,Present
39,02-08-2025,1,Present
39,03-08-2025,2,Absent
39,04-08-2025,1,Present
39,05-08-2025,1,Present
39,06-08-2025,1,Present
39,07-08-2025,1,Present
39,08-08-2025,1,Present
39,09-08-2025,1,Present
39,10-08-2025,1,Present
39,11-08-2025,1,Present
39,12-08-2025,1,Present
39,13-08-2025,3,Late
39,14-08-2025,1,Present
39,15-08-2025,1,Present
39,16-08-2025,1,Present
39,17-08-2025,1,Present
39,18-08-2025,1,Present
39,19-08-2025,1,Present
39,20-08-2025,1,Present
39,21-08-2025,1,Present
39,22-08-2025,1,Present
39,23-08-2025,1,Present
39,24-08-2025,1,Present
39,25-08-2025,1,Present
39,26-08-2025,1,Present
39,27-08-2025,1,Present
39,28-08-2025,2,Absent
39,29-08-2025,1,Present
39,30-08-2025,1,Present
40,01-08-2025,1,Present
40,02-08-2025,1,Present
40,03-08-2025,1,Present
40,04-08-2025,1,Present
40,05-08-2025,1,Present
40,06-08-2025,1,Present
40,07-08-2025,1,Present
40,08-08-2025,1,Present
40,09-08-2025,1,Present
40,10-08-2025,2,Absent
40,11-08-2025,2,Absent
40,12-08-2025,1,Present
40,13-08-2025,3,Late
40,14-08-2025,1,Present
40,15-08-2025,1,Present
40,16-08-2025,1,Present
40,17-08-2025,2,Absent
40,18-08-2025,2,Absent
40,19-08-2025,1,Present
40,20-08-2025,1,Present
40,21-08-2025,1,Present
40,22-08-2025,1,Present
40,23-08-2025,1,Present
40,24-08-2025,1,Present
40,25-08-2025,1,Present
40,26-08-2025,2,Absent
40,27-08-2025,1,Present
40,28-08-2025,1,Present
40,29-08-2025,1,Present
40,30-08-2025,1,Present
41,01-08-2025,1,Present
41,02-08-2025,1,Present
41,03-08-2025,1,Present
41,04-08-2025,1,Present
41,05-08-2025,1,Present
41,06-08-2025,1,Present
41,07-08-2025,2,Absent
41,08-08-2025,1,Present
41,09-08-2025,2,Absent
41,10-08-2025,1,Present
41,11-08-2025,1,Present
41,12-08-2025,1,Present
41,13-08-2025,1,Present
41,14-08-2025,1,Present
41,15-08-2025,2,Absent
41,16-08-2025,1,Present
41,17-08-2025,1,Present
41,18-08-2025,1,Present
41,19-08-2025,1,Present
41,20-08-2025,1,Present
41,21-08-2025,2,Absent
41,22-08-2025,1,Present
41,23-08-2025,1,Present
41,24-08-2025,1,Present
41,25-08-2025,1,Present
41,26-08-2025,1,Present
41,27-08-2025,2,Absent
41,28-08-2025,1,Present
41,29-08-2025,1,Present
41,30-08-2025,1,Present
42,01-08-2025,1,Present
42,02-08-2025,1,Present
42,03-08-2025,1,Present
42,04-08-2025,1,Present
42,05-08-2025,3,Late
42,06-08-2025,1,Present
42,07-08-2025,2,Absent
42,08-08-2025,2,Absent
42,09-08-2025,1,Present
42,10-08-2025,3,Late
42,11-08-2025,1,Present
42,12-08-2025,1,Present
42,13-08-2025,2,Absent
42,14-08-2025,1,Present
42,15-08-2025,3,Late
42,16-08-2025,1,Present
42,17-08-2025,1,Present
42,18-08-2025,1,Present
42,19-08-2025,1,Present
42,20-08-2025,1,Present
42,21-08-2025,1,Present
42,22-08-2025,1,Present
42,23-08-2025,1,Present
42,24-08-2025,1,Present
42,25-08-2025,1,Present
42,26-08-2025,1,Present
42,27-08-2025,1,Present
42,28-08-2025,1,Present
42,29-08-2025,1,Present
42,30-08-2025,1,Present
43,01-08-2025,1,Present
43,02-08-2025,1,Present
43,03-08-2025,2,Absent
43,04-08-2025,2,Absent
43,05-08-2025,1,Present
43,06-08-2025,1,Present
43,07-08-2025,1,Present
43,08-08-2025,1,Present
43,09-08-2025,2,Absent
43,10-08-2025,1,Present
43,11-08-2025,1,Present
43,12-08-2025,1,Present
43,13-08-2025,3,Late
43,14-08-2025,1,Present
43,15-08-2025,3,Late
43,16-08-2025,1,Present
43,17-08-2025,1,Present
43,18-08-2025,1,Present
43,19-08-2025,1,Present
43,20-08-2025,1,Present
43,21-08-2025,1,Present
43,22-08-2025,2,Absent
43,23-08-2025,1,Present
43,24-08-2025,1,Present
43,25-08-2025,1,Present
43,26-08-2025,1,Present
43,27-08-2025,1,Present
43,28-08-2025,1,Present
43,29-08-2025,1,Present
43,30-08-2025,1,Present
44,01-08-2025,1,Present
44,02-08-2025,1,Present
44,03-08-2025,1,Present
44,04-08-2025,1,Present
44,05-08-2025,1,Present
44,06-08-2025,1,Present
44,07-08-2025,3,Late
44,08-08-2025,3,Late
44,09-08-2025,1,Present
44,10-08-2025,1,Present
44,11-08-2025,1,Present
44,12-08-2025,1,Present
44,13-08-2025,1,Present
44,14-08-2025,1,Present
44,15-08-2025,1,Present
44,16-08-2025,1,Present
44,17-08-2025,1,Present
44,18-08-2025,1,Present
44,19-08-2025,1,Present
44,20-08-2025,1,Present
44,21-08-2025,2,Absent
44,22-08-2025,3,Late
44,23-08-2025,2,Absent
44,24-08-2025,1,Present
44,25-08-2025,1,Present
44,26-08-2025,1,Present
44,27-08-2025,1,Present
44,28-08-2025,1,Present
44,29-08-2025,1,Present
44,30-08-2025,1,Present
45,01-08-2025,1,Present
45,02-08-2025,1,Present
45,03-08-2025,1,Present
45,04-08-2025,1,Present
45,05-08-2025,1,Present
45,06-08-2025,1,Present
45,07-08-2025,1,Present
45,08-08-2025,3,Late
45,09-08-2025,2,Absent
45,10-08-2025,1,Present
45,11-08-2025,1,Present
45,12-08-2025,1,Present
45,13-08-2025,1,Present
45,14-08-2025,1,Present
45,15-08-2025,1,Present
45,16-08-2025,2,Absent
45,17-08-2025,2,Absent
45,18-08-2025,1,Present
45,19-08-2025,1,Present
45,20-08-2025,1,Present
45,21-08-2025,3,Late
45,22-08-2025,1,Present
45,23-08-2025,2,Absent
45,24-08-2025,1,Present
45,25-08-2025,1,Present
45,26-08-2025,1,Present
45,27-08-2025,1,Present
45,28-08-2025,1,Present
45,29-08-2025,1,Present
45,30-08-2025,1,Present
46,01-08-2025,2,Absent
46,02-08-2025,3,Late
46,03-08-2025,1,Present
46,04-08-2025,1,Present
46,05-08-2025,1,Present
46,06-08-2025,1,Present
46,07-08-2025,1,Present
46,08-08-2025,1,Present
46,09-08-2025,3,Late
46,10-08-2025,1,Present
46,11-08-2025,1,Present
46,12-08-2025,1,Present
46,13-08-2025,1,Present
46,14-08-2025,1,Present
46,15-08-2025,1,Present
46,16-08-2025,2,Absent
46,17-08-2025,1,Present
46,18-08-2025,1,Present
46,19-08-2025,1,Present
46,20-08-2025,1,Present
46,21-08-2025,1,Present
46,22-08-2025,1,Present
46,23-08-2025,1,Present
46,24-08-2025,1,Present
46,25-08-2025,1,Present
46,26-08-2025,1,Present
46,27-08-2025,1,Present
46,28-08-2025,1,Present
46,29-08-2025,1,Present
46,30-08-2025,1,Present
47,01-08-2025,1,Present
47,02-08-2025,1,Present
47,03-08-2025,2,Absent
47,04-08-2025,1,Present
47,05-08-2025,1,Present
47,06-08-2025,1,Present
47,07-08-2025,1,Present
47,08-08-2025,1,Present
47,09-08-2025,1,Present
47,10-08-2025,1,Present
47,11-08-2025,2,Absent
47,12-08-2025,1,Present
47,13-08-2025,1,Present
47,14-08-2025,2,Absent
47,15-08-2025,1,Present
47,16-08-2025,1,Present
47,17-08-2025,1,Present
47,18-08-2025,1,Present
47,19-08-2025,1,Present
47,20-08-2025,1,Present
47,21-08-2025,1,Present
47,22-08-2025,1,Present
47,23-08-2025,1,Present
47,24-08-2025,3,Late
47,25-08-2025,1,Present
47,26-08-2025,1,Present
47,27-08-2025,1,Present
47,28-08-2025,1,Present
47,29-08-2025,1,Present
47,30-08-2025,1,Present
48,01-08-2025,1,Present
48,02-08-2025,2,Absent
48,03-08-2025,1,Present
48,04-08-2025,1,Present
48,05-08-2025,1,Present
48,06-08-2025,1,Present
48,07-08-2025,1,Present
48,08-08-2025,2,Absent
48,09-08-2025,1,Present
48,10-08-2025,1,Present
48,11-08-2025,1,Present
48,12-08-2025,1,Present
48,13-08-2025,2,Absent
48,14-08-2025,1,Present
48,15-08-2025,1,Present
48,16-08-2025,2,Absent
48,17-08-2025,1,Present
48,18-08-2025,1,Present
48,19-08-2025,2,Absent
48,20-08-2025,2,Absent
48,21-08-2025,1,Present
48,22-08-2025,1,Present
48,23-08-2025,1,Present
48,24-08-2025,1,Present
48,25-08-2025,1,Present
48,26-08-2025,1,Present
48,27-08-2025,1,Present
48,28-08-2025,1,Present
48,29-08-2025,1,Present
48,30-08-2025,1,Present
49,01-08-2025,1,Present
49,02-08-2025,1,Present
49,03-08-2025,1,Present
49,04-08-2025,1,Present
49,05-08-2025,1,Present
49,06-08-2025,1,Present
49,07-08-2025,1,Present
49,08-08-2025,1,Present
49,09-08-2025,1,Present
49,10-08-2025,2,Absent
49,11-08-2025,1,Present
49,12-08-2025,3,Late
49,13-08-2025,1,Present
49,14-08-2025,2,Absent
49,15-08-2025,2,Absent
49,16-08-2025,1,Present
49,17-08-2025,2,Absent
49,18-08-2025,1,Present
49,19-08-2025,1,Present
49,20-08-2025,1,Present
49,21-08-2025,1,Present
49,22-08-2025,2,Absent
49,23-08-2025,1,Present
49,24-08-2025,1,Present
49,25-08-2025,1,Present
49,26-08-2025,1,Present
49,27-08-2025,1,Present
49,28-08-2025,1,Present
49,29-08-2025,1,Present
49,30-08-2025,1,Present
50,01-08-2025,1,Present
50,02-08-2025,1,Present
50,03-08-2025,3,Late
50,04-08-2025,1,Present
50,05-08-2025,2,Absent
50,06-08-2025,1,Present
50,07-08-2025,1,Present
50,08-08-2025,1,Present
50,09-08-2025,1,Present
50,10-08-2025,1,Present
50,11-08-2025,2,Absent
50,12-08-2025,1,Present
50,13-08-2025,1,Present
50,14-08-2025,3,Late
50,15-08-2025,1,Present
50,16-08-2025,1,Present
50,17-08-2025,2,Absent
50,18-08-2025,1,Present
50,19-08-2025,1,Present
50,20-08-2025,2,Absent
50,21-08-2025,1,Present
50,22-08-2025,1,Present
50,23-08-2025,1,Present
50,24-08-2025,1,Present
50,25-08-2025,1,Present
50,26-08-2025,1,Present
50,27-08-2025,1,Present
50,28-08-2025,1,Present
50,29-08-2025,1,Present
50,30-08-2025,1,Present
51,01-08-2025,1,Present
51,02-08-2025,1,Present
51,03-08-2025,2,Absent
51,04-08-2025,1,Present
51,05-08-2025,1,Present
51,06-08-2025,1,Present
51,07-08-2025,1,Present
51,08-08-2025,1,Present
51,09-08-2025,1,Present
51,10-08-2025,1,Present
51,11-08-2025,1,Present
51,12-08-2025,1,Present
51,13-08-2025,1,Present
51,14-08-2025,1,Present
51,15-08-2025,1,Present
51,16-08-2025,1,Present
51,17-08-2025,1,Present
51,18-08-2025,1,Present
51,19-08-2025,1,Present
51,20-08-2025,2,Absent
51,21-08-2025,1,Present
51,22-08-2025,1,Present
51,23-08-2025,1,Present
51,24-08-2025,1,Present
51,25-08-2025,2,Absent
51,26-08-2025,1,Present
51,27-08-2025,1,Present
51,28-08-2025,1,Present
51,29-08-2025,1,Present
51,30-08-2025,1,Present
52,01-08-2025,1,Present
52,02-08-2025,1,Present
52,03-08-2025,1,Present
52,04-08-2025,1,Present
52,05-08-2025,1,Present
52,06-08-2025,1,Present
52,07-08-2025,1,Present
52,08-08-2025,1,Present
52,09-08-2025,1,Present
52,10-08-2025,2,Absent
52,11-08-2025,2,Absent
52,12-08-2025,1,Present
52,13-08-2025,1,Present
52,14-08-2025,1,Present
52,15-08-2025,1,Present
52,16-08-2025,1,Present
52,17-08-2025,1,Present
52,18-08-2025,1,Present
52,19-08-2025,1,Present
52,20-08-2025,1,Present
52,21-08-2025,1,Present
52,22-08-2025,1,Present
52,23-08-2025,1,Present
52,24-08-2025,1,Present
52,25-08-2025,1,Present
52,26-08-2025,1,Present
52,27-08-2025,1,Present
52,28-08-2025,1,Present
52,29-08-2025,1,Present
52,30-08-2025,1,Present
53,01-08-2025,1,Present
53,02-08-2025,1,Present
53,03-08-2025,1,Present
53,04-08-2025,1,Present
53,05-08-2025,1,Present
53,06-08-2025,2,Absent
53,07-08-2025,3,Late
53,08-08-2025,1,Present
53,09-08-2025,1,Present
53,10-08-2025,1,Present
53,11-08-2025,1,Present
53,12-08-2025,2,Absent
53,13-08-2025,3,Late
53,14-08-2025,1,Present
53,15-08-2025,1,Present
53,16-08-2025,1,Present
53,17-08-2025,1,Present
53,18-08-2025,1,Present
53,19-08-2025,3,Late
53,20-08-2025,2,Absent
53,21-08-2025,1,Present
53,22-08-2025,1,Present
53,23-08-2025,1,Present
53,24-08-2025,1,Present
53,25-08-2025,1,Present
53,26-08-2025,1,Present
53,27-08-2025,1,Present
53,28-08-2025,1,Present
53,29-08-2025,1,Present
53,30-08-2025,1,Present
54,01-08-2025,1,Present
54,02-08-2025,3,Late
54,03-08-2025,1,Present
54,04-08-2025,1,Present
54,05-08-2025,1,Present
54,06-08-2025,1,Present
54,07-08-2025,1,Present
54,08-08-2025,1,Present
54,09-08-2025,1,Present
54,10-08-2025,1,Present
54,11-08-2025,1,Present
54,12-08-2025,1,Present
54,13-08-2025,1,Present
54,14-08-2025,1,Present
54,15-08-2025,1,Present
54,16-08-2025,2,Absent
54,17-08-2025,2,Absent
54,18-08-2025,3,Late
54,19-08-2025,2,Absent
54,20-08-2025,1,Present
54,21-08-2025,1,Present
54,22-08-2025,2,Absent
54,23-08-2025,1,Present
54,24-08-2025,1,Present
54,25-08-2025,1,Present
54,26-08-2025,1,Present
54,27-08-2025,1,Present
54,28-08-2025,1,Present
54,29-08-2025,1,Present
54,30-08-2025,1,Present
55,01-08-2025,3,Late
55,02-08-2025,1,Present
55,03-08-2025,1,Present
55,04-08-2025,1,Present
55,05-08-2025,2,Absent
55,06-08-2025,1,Present
55,07-08-2025,1,Present
55,08-08-2025,1,Present
55,09-08-2025,3,Late
55,10-08-2025,1,Present
55,11-08-2025,1,Present
55,12-08-2025,2,Absent
55,13-08-2025,1,Present
55,14-08-2025,1,Present
55,15-08-2025,1,Present
55,16-08-2025,2,Absent
55,17-08-2025,1,Present
55,18-08-2025,1,Present
55,19-08-2025,1,Present
55,20-08-2025,2,Absent
55,21-08-2025,1,Present
55,22-08-2025,1,Present
55,23-08-2025,1,Present
55,24-08-2025,1,Present
55,25-08-2025,1,Present
55,26-08-2025,1,Present
55,27-08-2025,1,Present
55,28-08-2025,1,Present
55,29-08-2025,1,Present
55,30-08-2025,1,Present
56,01-08-2025,2,Absent
56,02-08-2025,1,Present
56,03-08-2025,2,Absent
56,04-08-2025,1,Present
56,05-08-2025,1,Present
56,06-08-2025,2,Absent
56,07-08-2025,1,Present
56,08-08-2025,1,Present
56,09-08-2025,1,Present
56,10-08-2025,1,Present
56,11-08-2025,1,Present
56,12-08-2025,3,Late
56,13-08-2025,1,Present
56,14-08-2025,3,Late
56,15-08-2025,1,Present
56,16-08-2025,1,Present
56,17-08-2025,3,Late
56,18-08-2025,1,Present
56,19-08-2025,1,Present
56,20-08-2025,1,Present
56,21-08-2025,1,Present
56,22-08-2025,1,Present
56,23-08-2025,1,Present
56,24-08-2025,1,Present
56,25-08-2025,1,Present
56,26-08-2025,1,Present
56,27-08-2025,1,Present
56,28-08-2025,1,Present
56,29-08-2025,1,Present
56,30-08-2025,1,Present
57,01-08-2025,1,Present
57,02-08-2025,1,Present
57,03-08-2025,1,Present
57,04-08-2025,2,Absent
57,05-08-2025,1,Present
57,06-08-2025,1,Present
57,07-08-2025,1,Present
57,08-08-2025,1,Present
57,09-08-2025,2,Absent
57,10-08-2025,1,Present
57,11-08-2025,1,Present
57,12-08-2025,1,Present
57,13-08-2025,1,Present
57,14-08-2025,2,Absent
57,15-08-2025,1,Present
57,16-08-2025,1,Present
57,17-08-2025,1,Present
57,18-08-2025,1,Present
57,19-08-2025,1,Present
57,20-08-2025,1,Present
57,21-08-2025,2,Absent
57,22-08-2025,1,Present
57,23-08-2025,1,Present
57,24-08-2025,1,Present
57,25-08-2025,3,Late
57,26-08-2025,1,Present
57,27-08-2025,1,Present
57,28-08-2025,1,Present
57,29-08-2025,1,Present
57,30-08-2025,1,Present
58,01-08-2025,3,Late
58,02-08-2025,1,Present
58,03-08-2025,1,Present
58,04-08-2025,1,Present
58,05-08-2025,1,Present
58,06-08-2025,1,Present
58,07-08-2025,1,Present
58,08-08-2025,2,Absent
58,09-08-2025,1,Present
58,10-08-2025,1,Present
58,11-08-2025,2,Absent
58,12-08-2025,3,Late
58,13-08-2025,1,Present
58,14-08-2025,1,Present
58,15-08-2025,1,Present
58,16-08-2025,1,Present
58,17-08-2025,1,Present
58,18-08-2025,1,Present
58,19-08-2025,1,Present
58,20-08-2025,3,Late
58,21-08-2025,1,Present
58,22-08-2025,1,Present
58,23-08-2025,1,Present
58,24-08-2025,2,Absent
58,25-08-2025,1,Present
58,26-08-2025,1,Present
58,27-08-2025,1,Present
58,28-08-2025,1,Present
58,29-08-2025,1,Present
58,30-08-2025,1,Present
59,01-08-2025,3,Late
59,02-08-2025,1,Present
59,03-08-2025,1,Present
59,04-08-2025,1,Present
59,05-08-2025,1,Present
59,06-08-2025,3,Late
59,07-08-2025,1,Present
59,08-08-2025,1,Present
59,09-08-2025,1,Present
59,10-08-2025,2,Absent
59,11-08-2025,1,Present
59,12-08-2025,1,Present
59,13-08-2025,1,Present
59,14-08-2025,1,Present
59,15-08-2025,1,Present
59,16-08-2025,2,Absent
59,17-08-2025,1,Present
59,18-08-2025,1,Present
59,19-08-2025,1,Present
59,20-08-2025,1,Present
59,21-08-2025,1,Present
59,22-08-2025,1,Present
59,23-08-2025,2,Absent
59,24-08-2025,1,Present
59,25-08-2025,2,Absent
59,26-08-2025,1,Present
59,27-08-2025,1,Present
59,28-08-2025,1,Present
59,29-08-2025,1,Present
59,30-08-2025,1,Present
60,01-08-2025,1,Present
60,02-08-2025,1,Present
60,03-08-2025,1,Present
60,04-08-2025,1,Present
60,05-08-2025,1,Present
60,06-08-2025,1,Present
60,07-08-2025,1,Present
60,08-08-2025,1,Present
60,09-08-2025,1,Present
60,10-08-2025,2,Absent
60,11-08-2025,1,Present
60,12-08-2025,2,Absent
60,13-08-2025,1,Present
60,14-08-2025,1,Present
60,15-08-2025,1,Present
60,16-08-2025,1,Present
60,17-08-2025,1,Present
60,18-08-2025,1,Present
60,19-08-2025,1,Present
60,20-08-2025,1,Present
60,21-08-2025,1,Present
60,22-08-2025,1,Present
60,23-08-2025,1,Present
60,24-08-2025,2,Absent
60,25-08-2025,1,Present
60,26-08-2025,1,Present
60,27-08-2025,1,Present
60,28-08-2025,2,Absent
60,29-08-2025,1,Present
60,30-08-2025,2,Absent
